emp_id,date,shift,store
C001,2025-09-06,13:00-22:00,HSR
C002,2025-09-06,13:00-22:00,SG Highway
C003,2025-09-06,9:00-18:00,Kothrud
C004,2025-09-06,9:00-18:00,Koramangala
C006,2025-09-06,13:00-22:00,Park Street
C007,2025-09-06,13:00-22:00,Koramangala
C008,2025-09-06,13:00-22:00,Kothrud
C009,2025-09-06,13:00-22:00,Park Street
C010,2025-09-06,13:00-22:00,SG Highway
C011,2025-09-06,9:00-18:00,Park Street
C013,2025-09-06,9:00-18:00,MI Road
C015,2025-09-06,13:00-22:00,Kothrud
C017,2025-09-06,13:00-22:00,Howrah
C018,2025-09-06,13:00-22:00,Banjara Hills
C019,2025-09-06,9:00-18:00,Park Street
C020,2025-09-06,13:00-22:00,Maninagar
C021,2025-09-06,9:00-18:00,Adyar
C022,2025-09-06,9:00-18:00,Hinjawadi
C023,2025-09-06,13:00-22:00,Vashi
C025,2025-09-06,13:00-22:00,Bandra
C026,2025-09-06,13:00-22:00,MI Road
C027,2025-09-06,13:00-22:00,SG Highway
C029,2025-09-06,9:00-18:00,Gachibowli
C030,2025-09-06,13:00-22:00,Koramangala
C031,2025-09-06,13:00-22:00,Kothrud
C032,2025-09-06,13:00-22:00,Maninagar
C033,2025-09-06,9:00-18:00,Bandra
C035,2025-09-06,9:00-18:00,Whitefield
C036,2025-09-06,13:00-22:00,Adyar
C038,2025-09-06,9:00-18:00,Howrah
C039,2025-09-06,9:00-18:00,Park Street
C040,2025-09-06,13:00-22:00,Kothrud
C041,2025-09-06,13:00-22:00,Baner
C042,2025-09-06,9:00-18:00,Saket
C043,2025-09-06,9:00-18:00,Kothrud
C044,2025-09-06,13:00-22:00,Maninagar
C045,2025-09-06,13:00-22:00,CP
C047,2025-09-06,9:00-18:00,Kukatpally
C048,2025-09-06,9:00-18:00,T Nagar
C049,2025-09-06,9:00-18:00,Koramangala
C050,2025-09-06,9:00-18:00,Howrah
C051,2025-09-06,13:00-22:00,Salt Lake
C052,2025-09-06,13:00-22:00,Whitefield
C053,2025-09-06,13:00-22:00,Koramangala
C054,2025-09-06,13:00-22:00,T Nagar
C055,2025-09-06,13:00-22:00,Howrah
C056,2025-09-06,13:00-22:00,Maninagar
C057,2025-09-06,9:00-18:00,Saket
C058,2025-09-06,13:00-22:00,Banjara Hills
C059,2025-09-06,9:00-18:00,Maninagar
C060,2025-09-06,13:00-22:00,Kukatpally
C061,2025-09-06,9:00-18:00,Vashi
C063,2025-09-06,9:00-18:00,Hinjawadi
C064,2025-09-06,13:00-22:00,T Nagar
C066,2025-09-06,13:00-22:00,Baner
C068,2025-09-06,9:00-18:00,Salt Lake
C069,2025-09-06,13:00-22:00,Koregaon Park
C070,2025-09-06,13:00-22:00,MI Road
C072,2025-09-06,9:00-18:00,Kukatpally
C073,2025-09-06,13:00-22:00,Salt Lake
C075,2025-09-06,9:00-18:00,Whitefield
C076,2025-09-06,13:00-22:00,Kothrud
C077,2025-09-06,13:00-22:00,Kukatpally
C078,2025-09-06,13:00-22:00,Saket
C079,2025-09-06,13:00-22:00,Kukatpally
C080,2025-09-06,9:00-18:00,Maninagar
C083,2025-09-06,9:00-18:00,Maninagar
C084,2025-09-06,13:00-22:00,Salt Lake
C086,2025-09-06,13:00-22:00,Velachery
C087,2025-09-06,13:00-22:00,HSR
C089,2025-09-06,13:00-22:00,Bandra
C090,2025-09-06,13:00-22:00,HSR
C091,2025-09-06,9:00-18:00,Salt Lake
C093,2025-09-06,13:00-22:00,Banjara Hills
C094,2025-09-06,9:00-18:00,Adyar
C095,2025-09-06,9:00-18:00,Kukatpally
C096,2025-09-06,9:00-18:00,Saket
C097,2025-09-06,9:00-18:00,Rohini
C098,2025-09-06,9:00-18:00,SG Highway
C099,2025-09-06,9:00-18:00,Dwarka
C100,2025-09-06,9:00-18:00,Kothrud
C101,2025-09-06,13:00-22:00,Saket
C102,2025-09-06,13:00-22:00,Banjara Hills
C103,2025-09-06,9:00-18:00,Whitefield
C104,2025-09-06,13:00-22:00,Andheri
C105,2025-09-06,13:00-22:00,Baner
C106,2025-09-06,9:00-18:00,SG Highway
C108,2025-09-06,13:00-22:00,Dwarka
C110,2025-09-06,13:00-22:00,Whitefield
C111,2025-09-06,9:00-18:00,Hinjawadi
C113,2025-09-06,9:00-18:00,Banjara Hills
C114,2025-09-06,9:00-18:00,Kukatpally
C115,2025-09-06,13:00-22:00,Kothrud
C116,2025-09-06,9:00-18:00,SG Highway
C119,2025-09-06,9:00-18:00,Park Street
C120,2025-09-06,9:00-18:00,Saket
C121,2025-09-06,9:00-18:00,Koregaon Park
C123,2025-09-06,13:00-22:00,Kukatpally
C124,2025-09-06,9:00-18:00,Salt Lake
C125,2025-09-06,9:00-18:00,Banjara Hills
C127,2025-09-06,9:00-18:00,Velachery
C128,2025-09-06,9:00-18:00,Howrah
C129,2025-09-06,9:00-18:00,Dwarka
C130,2025-09-06,9:00-18:00,Powai
C131,2025-09-06,9:00-18:00,Indiranagar
C132,2025-09-06,13:00-22:00,Adyar
C133,2025-09-06,9:00-18:00,Koramangala
C134,2025-09-06,13:00-22:00,Powai
C135,2025-09-06,9:00-18:00,CP
C136,2025-09-06,9:00-18:00,Malviya Nagar
C137,2025-09-06,9:00-18:00,Koramangala
C138,2025-09-06,9:00-18:00,Saket
C139,2025-09-06,9:00-18:00,Bandra
C140,2025-09-06,13:00-22:00,Maninagar
C142,2025-09-06,9:00-18:00,Vashi
C143,2025-09-06,13:00-22:00,Howrah
C144,2025-09-06,9:00-18:00,CP
C145,2025-09-06,9:00-18:00,Andheri
C149,2025-09-06,13:00-22:00,Maninagar
C150,2025-09-06,9:00-18:00,Malviya Nagar
C001,2025-09-07,13:00-22:00,Kukatpally
C002,2025-09-07,13:00-22:00,Kothrud
C003,2025-09-07,9:00-18:00,SG Highway
C004,2025-09-07,9:00-18:00,Salt Lake
C005,2025-09-07,9:00-18:00,Powai
C006,2025-09-07,13:00-22:00,Howrah
C007,2025-09-07,13:00-22:00,MI Road
C008,2025-09-07,13:00-22:00,Andheri
C009,2025-09-07,13:00-22:00,Kothrud
C010,2025-09-07,9:00-18:00,Saket
C011,2025-09-07,9:00-18:00,Salt Lake
C012,2025-09-07,13:00-22:00,Whitefield
C013,2025-09-07,13:00-22:00,Velachery
C014,2025-09-07,9:00-18:00,Banjara Hills
C016,2025-09-07,9:00-18:00,Rohini
C017,2025-09-07,13:00-22:00,Maninagar
C018,2025-09-07,13:00-22:00,T Nagar
C019,2025-09-07,9:00-18:00,Banjara Hills
C020,2025-09-07,9:00-18:00,Kukatpally
C021,2025-09-07,9:00-18:00,T Nagar
C022,2025-09-07,9:00-18:00,Velachery
C023,2025-09-07,9:00-18:00,Banjara Hills
C026,2025-09-07,9:00-18:00,MI Road
C027,2025-09-07,9:00-18:00,Indiranagar
C028,2025-09-07,9:00-18:00,Baner
C030,2025-09-07,9:00-18:00,CP
C031,2025-09-07,13:00-22:00,Rohini
C033,2025-09-07,9:00-18:00,T Nagar
C035,2025-09-07,13:00-22:00,Howrah
C036,2025-09-07,13:00-22:00,Howrah
C037,2025-09-07,13:00-22:00,Baner
C038,2025-09-07,9:00-18:00,Indiranagar
C039,2025-09-07,13:00-22:00,Maninagar
C040,2025-09-07,9:00-18:00,Gachibowli
C041,2025-09-07,9:00-18:00,MI Road
C043,2025-09-07,13:00-22:00,Velachery
C044,2025-09-07,13:00-22:00,Malviya Nagar
C045,2025-09-07,9:00-18:00,Powai
C046,2025-09-07,13:00-22:00,Banjara Hills
C047,2025-09-07,9:00-18:00,Baner
C048,2025-09-07,9:00-18:00,Hinjawadi
C049,2025-09-07,13:00-22:00,Kothrud
C052,2025-09-07,13:00-22:00,Hinjawadi
C054,2025-09-07,9:00-18:00,Adyar
C055,2025-09-07,13:00-22:00,Kothrud
C056,2025-09-07,9:00-18:00,Bandra
C057,2025-09-07,13:00-22:00,Koregaon Park
C058,2025-09-07,13:00-22:00,Baner
C059,2025-09-07,9:00-18:00,T Nagar
C060,2025-09-07,13:00-22:00,Indiranagar
C062,2025-09-07,9:00-18:00,Howrah
C063,2025-09-07,9:00-18:00,T Nagar
C064,2025-09-07,13:00-22:00,Howrah
C065,2025-09-07,9:00-18:00,Koramangala
C066,2025-09-07,13:00-22:00,HSR
C067,2025-09-07,9:00-18:00,Banjara Hills
C068,2025-09-07,9:00-18:00,Howrah
C069,2025-09-07,9:00-18:00,Adyar
C070,2025-09-07,9:00-18:00,Dwarka
C071,2025-09-07,13:00-22:00,Rohini
C073,2025-09-07,13:00-22:00,CP
C074,2025-09-07,9:00-18:00,Baner
C075,2025-09-07,9:00-18:00,Saket
C076,2025-09-07,13:00-22:00,Salt Lake
C077,2025-09-07,13:00-22:00,Park Street
C078,2025-09-07,9:00-18:00,SG Highway
C079,2025-09-07,9:00-18:00,Powai
C080,2025-09-07,13:00-22:00,Saket
C081,2025-09-07,9:00-18:00,Salt Lake
C082,2025-09-07,13:00-22:00,CP
C083,2025-09-07,9:00-18:00,Howrah
C084,2025-09-07,9:00-18:00,Salt Lake
C085,2025-09-07,13:00-22:00,Baner
C086,2025-09-07,13:00-22:00,Malviya Nagar
C087,2025-09-07,13:00-22:00,Saket
C088,2025-09-07,9:00-18:00,SG Highway
C089,2025-09-07,13:00-22:00,Salt Lake
C091,2025-09-07,9:00-18:00,SG Highway
C092,2025-09-07,9:00-18:00,Koramangala
C093,2025-09-07,13:00-22:00,CP
C094,2025-09-07,13:00-22:00,Banjara Hills
C095,2025-09-07,9:00-18:00,Park Street
C096,2025-09-07,13:00-22:00,Gachibowli
C097,2025-09-07,9:00-18:00,Kukatpally
C098,2025-09-07,13:00-22:00,Saket
C100,2025-09-07,13:00-22:00,Koregaon Park
C102,2025-09-07,9:00-18:00,Malviya Nagar
C103,2025-09-07,9:00-18:00,Dwarka
C104,2025-09-07,9:00-18:00,MI Road
C106,2025-09-07,9:00-18:00,Whitefield
C107,2025-09-07,13:00-22:00,Salt Lake
C108,2025-09-07,13:00-22:00,Koramangala
C111,2025-09-07,13:00-22:00,Howrah
C112,2025-09-07,13:00-22:00,Kukatpally
C114,2025-09-07,9:00-18:00,Malviya Nagar
C115,2025-09-07,9:00-18:00,Indiranagar
C116,2025-09-07,13:00-22:00,CP
C118,2025-09-07,9:00-18:00,Maninagar
C119,2025-09-07,13:00-22:00,Salt Lake
C120,2025-09-07,9:00-18:00,Adyar
C121,2025-09-07,13:00-22:00,Maninagar
C122,2025-09-07,13:00-22:00,Gachibowli
C125,2025-09-07,13:00-22:00,Baner
C127,2025-09-07,13:00-22:00,Velachery
C128,2025-09-07,13:00-22:00,Rohini
C129,2025-09-07,13:00-22:00,Howrah
C130,2025-09-07,9:00-18:00,T Nagar
C131,2025-09-07,9:00-18:00,Malviya Nagar
C132,2025-09-07,9:00-18:00,MI Road
C133,2025-09-07,9:00-18:00,Koregaon Park
C134,2025-09-07,9:00-18:00,Powai
C135,2025-09-07,9:00-18:00,Maninagar
C136,2025-09-07,13:00-22:00,Hinjawadi
C137,2025-09-07,13:00-22:00,HSR
C138,2025-09-07,9:00-18:00,Kukatpally
C139,2025-09-07,9:00-18:00,Salt Lake
C141,2025-09-07,9:00-18:00,Baner
C142,2025-09-07,13:00-22:00,Kukatpally
C143,2025-09-07,9:00-18:00,Vashi
C144,2025-09-07,13:00-22:00,Andheri
C145,2025-09-07,13:00-22:00,Kukatpally
C146,2025-09-07,13:00-22:00,Park Street
C147,2025-09-07,13:00-22:00,Maninagar
C148,2025-09-07,13:00-22:00,Powai
C149,2025-09-07,9:00-18:00,Dwarka
C150,2025-09-07,13:00-22:00,Kukatpally
C002,2025-09-08,9:00-18:00,Banjara Hills
C003,2025-09-08,13:00-22:00,Koregaon Park
C004,2025-09-08,13:00-22:00,Indiranagar
C006,2025-09-08,13:00-22:00,Park Street
C007,2025-09-08,9:00-18:00,Hinjawadi
C008,2025-09-08,13:00-22:00,Maninagar
C012,2025-09-08,9:00-18:00,Dwarka
C013,2025-09-08,13:00-22:00,MI Road
C014,2025-09-08,9:00-18:00,Hinjawadi
C015,2025-09-08,13:00-22:00,Gachibowli
C016,2025-09-08,9:00-18:00,Gachibowli
C017,2025-09-08,9:00-18:00,Dwarka
C018,2025-09-08,13:00-22:00,Howrah
C019,2025-09-08,9:00-18:00,Whitefield
C020,2025-09-08,13:00-22:00,SG Highway
C022,2025-09-08,13:00-22:00,Dwarka
C023,2025-09-08,9:00-18:00,Koramangala
C024,2025-09-08,9:00-18:00,Banjara Hills
C025,2025-09-08,9:00-18:00,HSR
C026,2025-09-08,13:00-22:00,Howrah
C027,2025-09-08,9:00-18:00,Maninagar
C028,2025-09-08,9:00-18:00,Hinjawadi
C030,2025-09-08,9:00-18:00,MI Road
C031,2025-09-08,13:00-22:00,Baner
C032,2025-09-08,13:00-22:00,Dwarka
C033,2025-09-08,13:00-22:00,Powai
C034,2025-09-08,13:00-22:00,Malviya Nagar
C037,2025-09-08,9:00-18:00,Maninagar
C038,2025-09-08,9:00-18:00,Salt Lake
C039,2025-09-08,9:00-18:00,Whitefield
C040,2025-09-08,13:00-22:00,Indiranagar
C041,2025-09-08,13:00-22:00,Vashi
C042,2025-09-08,9:00-18:00,Bandra
C043,2025-09-08,9:00-18:00,Bandra
C044,2025-09-08,13:00-22:00,Salt Lake
C045,2025-09-08,9:00-18:00,Whitefield
C046,2025-09-08,9:00-18:00,CP
C047,2025-09-08,13:00-22:00,Saket
C048,2025-09-08,9:00-18:00,Dwarka
C049,2025-09-08,9:00-18:00,Kukatpally
C050,2025-09-08,9:00-18:00,Park Street
C051,2025-09-08,13:00-22:00,SG Highway
C052,2025-09-08,9:00-18:00,Bandra
C055,2025-09-08,9:00-18:00,Indiranagar
C056,2025-09-08,9:00-18:00,CP
C057,2025-09-08,13:00-22:00,Gachibowli
C058,2025-09-08,13:00-22:00,Indiranagar
C059,2025-09-08,9:00-18:00,Velachery
C060,2025-09-08,9:00-18:00,Bandra
C061,2025-09-08,13:00-22:00,Koramangala
C064,2025-09-08,13:00-22:00,CP
C065,2025-09-08,13:00-22:00,Park Street
C066,2025-09-08,13:00-22:00,Howrah
C067,2025-09-08,9:00-18:00,Indiranagar
C068,2025-09-08,9:00-18:00,Andheri
C069,2025-09-08,9:00-18:00,Maninagar
C070,2025-09-08,9:00-18:00,Adyar
C073,2025-09-08,13:00-22:00,HSR
C074,2025-09-08,9:00-18:00,Park Street
C075,2025-09-08,9:00-18:00,T Nagar
C077,2025-09-08,9:00-18:00,Adyar
C078,2025-09-08,13:00-22:00,Kothrud
C079,2025-09-08,9:00-18:00,Salt Lake
C080,2025-09-08,13:00-22:00,HSR
C082,2025-09-08,9:00-18:00,Maninagar
C083,2025-09-08,9:00-18:00,Banjara Hills
C084,2025-09-08,9:00-18:00,Park Street
C085,2025-09-08,9:00-18:00,Maninagar
C087,2025-09-08,9:00-18:00,Dwarka
C088,2025-09-08,9:00-18:00,Salt Lake
C090,2025-09-08,9:00-18:00,Kukatpally
C091,2025-09-08,13:00-22:00,Maninagar
C095,2025-09-08,13:00-22:00,Maninagar
C096,2025-09-08,13:00-22:00,Koregaon Park
C097,2025-09-08,13:00-22:00,Kukatpally
C098,2025-09-08,13:00-22:00,Andheri
C099,2025-09-08,13:00-22:00,Salt Lake
C100,2025-09-08,13:00-22:00,Koregaon Park
C101,2025-09-08,9:00-18:00,Hinjawadi
C102,2025-09-08,13:00-22:00,Bandra
C103,2025-09-08,13:00-22:00,MI Road
C104,2025-09-08,13:00-22:00,Vashi
C106,2025-09-08,9:00-18:00,Whitefield
C107,2025-09-08,13:00-22:00,Adyar
C108,2025-09-08,13:00-22:00,Hinjawadi
C111,2025-09-08,13:00-22:00,Whitefield
C112,2025-09-08,13:00-22:00,Malviya Nagar
C113,2025-09-08,9:00-18:00,MI Road
C114,2025-09-08,13:00-22:00,Kukatpally
C116,2025-09-08,9:00-18:00,Koramangala
C117,2025-09-08,13:00-22:00,Malviya Nagar
C118,2025-09-08,13:00-22:00,Malviya Nagar
C120,2025-09-08,9:00-18:00,Vashi
C121,2025-09-08,13:00-22:00,Andheri
C122,2025-09-08,13:00-22:00,Koramangala
C123,2025-09-08,9:00-18:00,Powai
C124,2025-09-08,13:00-22:00,Powai
C125,2025-09-08,13:00-22:00,MI Road
C126,2025-09-08,9:00-18:00,Kukatpally
C128,2025-09-08,9:00-18:00,Adyar
C129,2025-09-08,13:00-22:00,Banjara Hills
C132,2025-09-08,9:00-18:00,Adyar
C133,2025-09-08,13:00-22:00,Hinjawadi
C134,2025-09-08,9:00-18:00,Rohini
C135,2025-09-08,9:00-18:00,Dwarka
C136,2025-09-08,9:00-18:00,Malviya Nagar
C137,2025-09-08,13:00-22:00,Banjara Hills
C138,2025-09-08,9:00-18:00,Indiranagar
C140,2025-09-08,13:00-22:00,Gachibowli
C141,2025-09-08,9:00-18:00,Adyar
C143,2025-09-08,13:00-22:00,MI Road
C144,2025-09-08,13:00-22:00,Salt Lake
C145,2025-09-08,13:00-22:00,Hinjawadi
C146,2025-09-08,9:00-18:00,Kothrud
C147,2025-09-08,9:00-18:00,Velachery
C149,2025-09-08,13:00-22:00,Koregaon Park
C150,2025-09-08,13:00-22:00,Dwarka
C001,2025-09-09,13:00-22:00,Banjara Hills
C002,2025-09-09,13:00-22:00,Malviya Nagar
C003,2025-09-09,9:00-18:00,Hinjawadi
C005,2025-09-09,9:00-18:00,MI Road
C006,2025-09-09,9:00-18:00,Kothrud
C007,2025-09-09,9:00-18:00,Howrah
C008,2025-09-09,13:00-22:00,Indiranagar
C009,2025-09-09,9:00-18:00,Bandra
C010,2025-09-09,9:00-18:00,Kukatpally
C011,2025-09-09,13:00-22:00,Hinjawadi
C012,2025-09-09,13:00-22:00,Park Street
C013,2025-09-09,9:00-18:00,Saket
C014,2025-09-09,13:00-22:00,Bandra
C016,2025-09-09,9:00-18:00,Kukatpally
C017,2025-09-09,13:00-22:00,Maninagar
C019,2025-09-09,9:00-18:00,Whitefield
C020,2025-09-09,9:00-18:00,Malviya Nagar
C021,2025-09-09,9:00-18:00,T Nagar
C022,2025-09-09,9:00-18:00,Vashi
C023,2025-09-09,13:00-22:00,T Nagar
C026,2025-09-09,13:00-22:00,Whitefield
C027,2025-09-09,13:00-22:00,Indiranagar
C028,2025-09-09,9:00-18:00,CP
C029,2025-09-09,13:00-22:00,Kothrud
C030,2025-09-09,13:00-22:00,Koregaon Park
C031,2025-09-09,13:00-22:00,Hinjawadi
C032,2025-09-09,9:00-18:00,Kukatpally
C033,2025-09-09,13:00-22:00,Velachery
C034,2025-09-09,9:00-18:00,T Nagar
C035,2025-09-09,13:00-22:00,Park Street
C036,2025-09-09,13:00-22:00,Velachery
C037,2025-09-09,9:00-18:00,Gachibowli
C038,2025-09-09,9:00-18:00,CP
C040,2025-09-09,9:00-18:00,Saket
C042,2025-09-09,9:00-18:00,Howrah
C044,2025-09-09,9:00-18:00,Malviya Nagar
C045,2025-09-09,9:00-18:00,Hinjawadi
C046,2025-09-09,13:00-22:00,MI Road
C047,2025-09-09,9:00-18:00,Andheri
C048,2025-09-09,9:00-18:00,HSR
C049,2025-09-09,13:00-22:00,HSR
C050,2025-09-09,9:00-18:00,SG Highway
C051,2025-09-09,9:00-18:00,Koregaon Park
C052,2025-09-09,13:00-22:00,Velachery
C055,2025-09-09,13:00-22:00,T Nagar
C057,2025-09-09,13:00-22:00,MI Road
C058,2025-09-09,9:00-18:00,Adyar
C059,2025-09-09,13:00-22:00,Salt Lake
C060,2025-09-09,13:00-22:00,Velachery
C062,2025-09-09,9:00-18:00,HSR
C063,2025-09-09,9:00-18:00,Malviya Nagar
C064,2025-09-09,9:00-18:00,Koramangala
C065,2025-09-09,9:00-18:00,Park Street
C066,2025-09-09,9:00-18:00,Maninagar
C067,2025-09-09,9:00-18:00,Salt Lake
C068,2025-09-09,9:00-18:00,Whitefield
C070,2025-09-09,9:00-18:00,Koramangala
C071,2025-09-09,9:00-18:00,Howrah
C073,2025-09-09,9:00-18:00,Banjara Hills
C074,2025-09-09,9:00-18:00,Maninagar
C075,2025-09-09,9:00-18:00,Howrah
C076,2025-09-09,9:00-18:00,Koramangala
C077,2025-09-09,9:00-18:00,Velachery
C078,2025-09-09,9:00-18:00,Salt Lake
C079,2025-09-09,9:00-18:00,Malviya Nagar
C080,2025-09-09,9:00-18:00,HSR
C082,2025-09-09,13:00-22:00,Saket
C083,2025-09-09,13:00-22:00,MI Road
C084,2025-09-09,13:00-22:00,T Nagar
C085,2025-09-09,13:00-22:00,Maninagar
C086,2025-09-09,9:00-18:00,Dwarka
C087,2025-09-09,13:00-22:00,Koregaon Park
C088,2025-09-09,13:00-22:00,Malviya Nagar
C089,2025-09-09,9:00-18:00,Bandra
C090,2025-09-09,13:00-22:00,Hinjawadi
C091,2025-09-09,13:00-22:00,HSR
C092,2025-09-09,13:00-22:00,Malviya Nagar
C093,2025-09-09,13:00-22:00,Salt Lake
C094,2025-09-09,9:00-18:00,Malviya Nagar
C095,2025-09-09,13:00-22:00,Malviya Nagar
C097,2025-09-09,9:00-18:00,Howrah
C099,2025-09-09,9:00-18:00,Kothrud
C100,2025-09-09,13:00-22:00,Malviya Nagar
C102,2025-09-09,13:00-22:00,Andheri
C104,2025-09-09,13:00-22:00,Rohini
C106,2025-09-09,9:00-18:00,CP
C107,2025-09-09,13:00-22:00,Vashi
C108,2025-09-09,9:00-18:00,Malviya Nagar
C111,2025-09-09,9:00-18:00,SG Highway
C114,2025-09-09,9:00-18:00,Koregaon Park
C115,2025-09-09,9:00-18:00,Powai
C116,2025-09-09,13:00-22:00,Indiranagar
C117,2025-09-09,13:00-22:00,Adyar
C118,2025-09-09,9:00-18:00,Koregaon Park
C120,2025-09-09,13:00-22:00,Malviya Nagar
C122,2025-09-09,13:00-22:00,Kothrud
C123,2025-09-09,13:00-22:00,Banjara Hills
C124,2025-09-09,13:00-22:00,MI Road
C125,2025-09-09,13:00-22:00,CP
C126,2025-09-09,13:00-22:00,Howrah
C127,2025-09-09,13:00-22:00,Velachery
C130,2025-09-09,13:00-22:00,Banjara Hills
C131,2025-09-09,13:00-22:00,Baner
C132,2025-09-09,9:00-18:00,Adyar
C133,2025-09-09,13:00-22:00,Banjara Hills
C134,2025-09-09,9:00-18:00,T Nagar
C135,2025-09-09,13:00-22:00,T Nagar
C136,2025-09-09,9:00-18:00,Kothrud
C137,2025-09-09,9:00-18:00,Hinjawadi
C138,2025-09-09,9:00-18:00,Hinjawadi
C139,2025-09-09,13:00-22:00,Saket
C140,2025-09-09,13:00-22:00,MI Road
C141,2025-09-09,13:00-22:00,Velachery
C142,2025-09-09,13:00-22:00,Malviya Nagar
C143,2025-09-09,13:00-22:00,Indiranagar
C144,2025-09-09,13:00-22:00,MI Road
C145,2025-09-09,9:00-18:00,HSR
C146,2025-09-09,9:00-18:00,Maninagar
C147,2025-09-09,9:00-18:00,Kothrud
C148,2025-09-09,13:00-22:00,Banjara Hills
C149,2025-09-09,13:00-22:00,Maninagar
C150,2025-09-09,13:00-22:00,Salt Lake
C001,2025-09-10,13:00-22:00,Velachery
C002,2025-09-10,9:00-18:00,Whitefield
C004,2025-09-10,13:00-22:00,Kothrud
C005,2025-09-10,9:00-18:00,HSR
C006,2025-09-10,13:00-22:00,SG Highway
C007,2025-09-10,9:00-18:00,Gachibowli
C008,2025-09-10,9:00-18:00,Indiranagar
C010,2025-09-10,13:00-22:00,Dwarka
C011,2025-09-10,13:00-22:00,Adyar
C012,2025-09-10,13:00-22:00,Salt Lake
C015,2025-09-10,13:00-22:00,MI Road
C016,2025-09-10,13:00-22:00,Malviya Nagar
C018,2025-09-10,9:00-18:00,Gachibowli
C020,2025-09-10,13:00-22:00,Velachery
C022,2025-09-10,9:00-18:00,Koramangala
C023,2025-09-10,13:00-22:00,Kukatpally
C024,2025-09-10,13:00-22:00,Park Street
C025,2025-09-10,13:00-22:00,Adyar
C026,2025-09-10,9:00-18:00,Indiranagar
C027,2025-09-10,9:00-18:00,Kukatpally
C028,2025-09-10,9:00-18:00,Salt Lake
C029,2025-09-10,9:00-18:00,SG Highway
C030,2025-09-10,9:00-18:00,MI Road
C031,2025-09-10,13:00-22:00,Indiranagar
C032,2025-09-10,13:00-22:00,Hinjawadi
C033,2025-09-10,9:00-18:00,Whitefield
C034,2025-09-10,13:00-22:00,Velachery
C035,2025-09-10,13:00-22:00,Malviya Nagar
C036,2025-09-10,13:00-22:00,MI Road
C037,2025-09-10,13:00-22:00,Howrah
C039,2025-09-10,13:00-22:00,Koregaon Park
C040,2025-09-10,9:00-18:00,Park Street
C041,2025-09-10,13:00-22:00,Andheri
C042,2025-09-10,13:00-22:00,MI Road
C044,2025-09-10,13:00-22:00,Vashi
C045,2025-09-10,9:00-18:00,Powai
C046,2025-09-10,13:00-22:00,Malviya Nagar
C047,2025-09-10,9:00-18:00,Park Street
C048,2025-09-10,9:00-18:00,Howrah
C049,2025-09-10,13:00-22:00,Gachibowli
C050,2025-09-10,9:00-18:00,Rohini
C051,2025-09-10,13:00-22:00,Maninagar
C052,2025-09-10,13:00-22:00,SG Highway
C053,2025-09-10,9:00-18:00,Bandra
C055,2025-09-10,9:00-18:00,HSR
C056,2025-09-10,13:00-22:00,Indiranagar
C057,2025-09-10,13:00-22:00,Park Street
C059,2025-09-10,9:00-18:00,Powai
C062,2025-09-10,13:00-22:00,Salt Lake
C063,2025-09-10,9:00-18:00,Gachibowli
C064,2025-09-10,13:00-22:00,Kothrud
C065,2025-09-10,13:00-22:00,Andheri
C066,2025-09-10,13:00-22:00,Rohini
C067,2025-09-10,9:00-18:00,Gachibowli
C068,2025-09-10,13:00-22:00,Bandra
C069,2025-09-10,13:00-22:00,Banjara Hills
C072,2025-09-10,13:00-22:00,Rohini
C073,2025-09-10,9:00-18:00,Koramangala
C074,2025-09-10,9:00-18:00,Koregaon Park
C075,2025-09-10,13:00-22:00,SG Highway
C076,2025-09-10,13:00-22:00,Baner
C077,2025-09-10,9:00-18:00,Adyar
C078,2025-09-10,9:00-18:00,Indiranagar
C079,2025-09-10,13:00-22:00,Adyar
C081,2025-09-10,13:00-22:00,Koregaon Park
C082,2025-09-10,9:00-18:00,Koramangala
C083,2025-09-10,13:00-22:00,Maninagar
C084,2025-09-10,13:00-22:00,Koramangala
C085,2025-09-10,9:00-18:00,Kukatpally
C086,2025-09-10,13:00-22:00,HSR
C088,2025-09-10,13:00-22:00,SG Highway
C089,2025-09-10,9:00-18:00,Powai
C090,2025-09-10,9:00-18:00,Dwarka
C091,2025-09-10,13:00-22:00,SG Highway
C092,2025-09-10,9:00-18:00,T Nagar
C093,2025-09-10,9:00-18:00,Saket
C094,2025-09-10,9:00-18:00,Andheri
C095,2025-09-10,13:00-22:00,Saket
C096,2025-09-10,9:00-18:00,Malviya Nagar
C097,2025-09-10,9:00-18:00,Saket
C098,2025-09-10,9:00-18:00,Dwarka
C099,2025-09-10,9:00-18:00,Park Street
C101,2025-09-10,13:00-22:00,Bandra
C102,2025-09-10,9:00-18:00,Koregaon Park
C103,2025-09-10,9:00-18:00,Malviya Nagar
C104,2025-09-10,13:00-22:00,Baner
C105,2025-09-10,13:00-22:00,Adyar
C106,2025-09-10,9:00-18:00,Salt Lake
C107,2025-09-10,13:00-22:00,Malviya Nagar
C108,2025-09-10,13:00-22:00,Malviya Nagar
C110,2025-09-10,13:00-22:00,Velachery
C111,2025-09-10,13:00-22:00,Howrah
C112,2025-09-10,13:00-22:00,MI Road
C113,2025-09-10,13:00-22:00,Gachibowli
C114,2025-09-10,9:00-18:00,Salt Lake
C116,2025-09-10,13:00-22:00,MI Road
C117,2025-09-10,13:00-22:00,Baner
C118,2025-09-10,9:00-18:00,Kukatpally
C119,2025-09-10,9:00-18:00,Maninagar
C120,2025-09-10,9:00-18:00,Adyar
C121,2025-09-10,13:00-22:00,Banjara Hills
C122,2025-09-10,13:00-22:00,Koregaon Park
C123,2025-09-10,9:00-18:00,HSR
C124,2025-09-10,13:00-22:00,Banjara Hills
C125,2025-09-10,13:00-22:00,Powai
C127,2025-09-10,9:00-18:00,Rohini
C128,2025-09-10,13:00-22:00,Salt Lake
C129,2025-09-10,9:00-18:00,Adyar
C130,2025-09-10,9:00-18:00,Baner
C131,2025-09-10,9:00-18:00,Park Street
C132,2025-09-10,9:00-18:00,Gachibowli
C133,2025-09-10,9:00-18:00,Dwarka
C134,2025-09-10,13:00-22:00,Banjara Hills
C135,2025-09-10,13:00-22:00,Whitefield
C136,2025-09-10,9:00-18:00,Maninagar
C137,2025-09-10,9:00-18:00,MI Road
C138,2025-09-10,9:00-18:00,Park Street
C139,2025-09-10,13:00-22:00,Park Street
C140,2025-09-10,9:00-18:00,Velachery
C141,2025-09-10,13:00-22:00,Koramangala
C142,2025-09-10,9:00-18:00,SG Highway
C143,2025-09-10,9:00-18:00,T Nagar
C144,2025-09-10,9:00-18:00,Andheri
C147,2025-09-10,13:00-22:00,CP
C148,2025-09-10,9:00-18:00,T Nagar
C149,2025-09-10,13:00-22:00,Malviya Nagar
C150,2025-09-10,13:00-22:00,Indiranagar
C001,2025-09-11,13:00-22:00,MI Road
C002,2025-09-11,13:00-22:00,Banjara Hills
C003,2025-09-11,13:00-22:00,Bandra
C004,2025-09-11,9:00-18:00,T Nagar
C005,2025-09-11,13:00-22:00,Salt Lake
C006,2025-09-11,13:00-22:00,CP
C008,2025-09-11,13:00-22:00,Whitefield
C009,2025-09-11,9:00-18:00,Bandra
C011,2025-09-11,9:00-18:00,Maninagar
C012,2025-09-11,13:00-22:00,Velachery
C013,2025-09-11,9:00-18:00,Malviya Nagar
C014,2025-09-11,13:00-22:00,Salt Lake
C015,2025-09-11,9:00-18:00,Velachery
C016,2025-09-11,9:00-18:00,Howrah
C017,2025-09-11,13:00-22:00,HSR
C019,2025-09-11,9:00-18:00,MI Road
C020,2025-09-11,9:00-18:00,MI Road
C021,2025-09-11,13:00-22:00,MI Road
C024,2025-09-11,9:00-18:00,Koramangala
C025,2025-09-11,13:00-22:00,Rohini
C027,2025-09-11,13:00-22:00,Powai
C029,2025-09-11,9:00-18:00,Banjara Hills
C030,2025-09-11,13:00-22:00,Indiranagar
C031,2025-09-11,9:00-18:00,Baner
C032,2025-09-11,13:00-22:00,T Nagar
C033,2025-09-11,9:00-18:00,Maninagar
C035,2025-09-11,9:00-18:00,Whitefield
C036,2025-09-11,13:00-22:00,Salt Lake
C038,2025-09-11,9:00-18:00,Baner
C039,2025-09-11,13:00-22:00,Maninagar
C042,2025-09-11,13:00-22:00,Vashi
C043,2025-09-11,9:00-18:00,MI Road
C044,2025-09-11,13:00-22:00,Andheri
C046,2025-09-11,9:00-18:00,Howrah
C047,2025-09-11,13:00-22:00,Maninagar
C048,2025-09-11,9:00-18:00,Gachibowli
C049,2025-09-11,13:00-22:00,Andheri
C051,2025-09-11,9:00-18:00,MI Road
C052,2025-09-11,13:00-22:00,MI Road
C053,2025-09-11,9:00-18:00,SG Highway
C054,2025-09-11,9:00-18:00,Kothrud
C055,2025-09-11,9:00-18:00,Indiranagar
C056,2025-09-11,9:00-18:00,Maninagar
C057,2025-09-11,9:00-18:00,Howrah
C058,2025-09-11,9:00-18:00,Salt Lake
C060,2025-09-11,9:00-18:00,Whitefield
C061,2025-09-11,13:00-22:00,Vashi
C062,2025-09-11,9:00-18:00,Maninagar
C063,2025-09-11,9:00-18:00,Whitefield
C064,2025-09-11,13:00-22:00,Banjara Hills
C065,2025-09-11,13:00-22:00,SG Highway
C066,2025-09-11,13:00-22:00,Maninagar
C067,2025-09-11,13:00-22:00,Andheri
C068,2025-09-11,9:00-18:00,MI Road
C069,2025-09-11,9:00-18:00,Powai
C070,2025-09-11,13:00-22:00,Powai
C072,2025-09-11,9:00-18:00,Salt Lake
C073,2025-09-11,13:00-22:00,MI Road
C074,2025-09-11,9:00-18:00,T Nagar
C075,2025-09-11,13:00-22:00,Velachery
C077,2025-09-11,13:00-22:00,MI Road
C078,2025-09-11,13:00-22:00,CP
C079,2025-09-11,9:00-18:00,MI Road
C080,2025-09-11,13:00-22:00,Saket
C081,2025-09-11,13:00-22:00,Gachibowli
C082,2025-09-11,13:00-22:00,T Nagar
C083,2025-09-11,9:00-18:00,Maninagar
C085,2025-09-11,9:00-18:00,Banjara Hills
C086,2025-09-11,9:00-18:00,SG Highway
C087,2025-09-11,9:00-18:00,Park Street
C088,2025-09-11,9:00-18:00,MI Road
C089,2025-09-11,9:00-18:00,Gachibowli
C090,2025-09-11,9:00-18:00,Malviya Nagar
C091,2025-09-11,13:00-22:00,Velachery
C092,2025-09-11,9:00-18:00,Andheri
C093,2025-09-11,13:00-22:00,Adyar
C095,2025-09-11,9:00-18:00,HSR
C096,2025-09-11,13:00-22:00,Malviya Nagar
C097,2025-09-11,9:00-18:00,Howrah
C099,2025-09-11,9:00-18:00,Adyar
C100,2025-09-11,9:00-18:00,Velachery
C102,2025-09-11,13:00-22:00,Powai
C103,2025-09-11,9:00-18:00,HSR
C104,2025-09-11,13:00-22:00,Kukatpally
C105,2025-09-11,9:00-18:00,Gachibowli
C106,2025-09-11,13:00-22:00,Hinjawadi
C108,2025-09-11,9:00-18:00,Malviya Nagar
C109,2025-09-11,9:00-18:00,Andheri
C110,2025-09-11,9:00-18:00,Vashi
C111,2025-09-11,13:00-22:00,Maninagar
C112,2025-09-11,9:00-18:00,Rohini
C113,2025-09-11,9:00-18:00,Maninagar
C114,2025-09-11,13:00-22:00,Bandra
C115,2025-09-11,13:00-22:00,Bandra
C116,2025-09-11,9:00-18:00,Kukatpally
C117,2025-09-11,13:00-22:00,Hinjawadi
C118,2025-09-11,13:00-22:00,SG Highway
C119,2025-09-11,9:00-18:00,Banjara Hills
C121,2025-09-11,13:00-22:00,Rohini
C122,2025-09-11,13:00-22:00,Banjara Hills
C123,2025-09-11,13:00-22:00,Indiranagar
C124,2025-09-11,13:00-22:00,Adyar
C125,2025-09-11,9:00-18:00,Vashi
C126,2025-09-11,13:00-22:00,Bandra
C127,2025-09-11,13:00-22:00,Maninagar
C128,2025-09-11,13:00-22:00,Koregaon Park
C129,2025-09-11,9:00-18:00,Dwarka
C130,2025-09-11,9:00-18:00,Maninagar
C132,2025-09-11,13:00-22:00,Gachibowli
C133,2025-09-11,13:00-22:00,Velachery
C134,2025-09-11,9:00-18:00,Dwarka
C135,2025-09-11,13:00-22:00,SG Highway
C136,2025-09-11,13:00-22:00,Indiranagar
C138,2025-09-11,9:00-18:00,Adyar
C139,2025-09-11,13:00-22:00,Malviya Nagar
C140,2025-09-11,9:00-18:00,Baner
C142,2025-09-11,13:00-22:00,T Nagar
C143,2025-09-11,13:00-22:00,Howrah
C144,2025-09-11,9:00-18:00,Baner
C145,2025-09-11,13:00-22:00,SG Highway
C146,2025-09-11,9:00-18:00,Dwarka
C147,2025-09-11,9:00-18:00,Salt Lake
C148,2025-09-11,13:00-22:00,Park Street
C149,2025-09-11,9:00-18:00,Bandra
C003,2025-09-12,9:00-18:00,Andheri
C004,2025-09-12,13:00-22:00,Gachibowli
C005,2025-09-12,13:00-22:00,Velachery
C008,2025-09-12,9:00-18:00,T Nagar
C009,2025-09-12,9:00-18:00,Malviya Nagar
C011,2025-09-12,9:00-18:00,MI Road
C012,2025-09-12,13:00-22:00,T Nagar
C014,2025-09-12,13:00-22:00,Howrah
C015,2025-09-12,13:00-22:00,Park Street
C016,2025-09-12,9:00-18:00,HSR
C017,2025-09-12,13:00-22:00,Park Street
C018,2025-09-12,9:00-18:00,Whitefield
C019,2025-09-12,13:00-22:00,Andheri
C020,2025-09-12,9:00-18:00,Indiranagar
C021,2025-09-12,13:00-22:00,Park Street
C022,2025-09-12,13:00-22:00,Maninagar
C023,2025-09-12,13:00-22:00,Baner
C024,2025-09-12,13:00-22:00,SG Highway
C025,2025-09-12,9:00-18:00,Malviya Nagar
C027,2025-09-12,13:00-22:00,T Nagar
C029,2025-09-12,13:00-22:00,Malviya Nagar
C030,2025-09-12,9:00-18:00,MI Road
C031,2025-09-12,9:00-18:00,CP
C033,2025-09-12,13:00-22:00,Vashi
C034,2025-09-12,13:00-22:00,Maninagar
C035,2025-09-12,9:00-18:00,Gachibowli
C036,2025-09-12,13:00-22:00,Kukatpally
C037,2025-09-12,9:00-18:00,SG Highway
C038,2025-09-12,9:00-18:00,Kukatpally
C039,2025-09-12,9:00-18:00,Rohini
C041,2025-09-12,13:00-22:00,Koramangala
C043,2025-09-12,9:00-18:00,Rohini
C044,2025-09-12,13:00-22:00,T Nagar
C045,2025-09-12,9:00-18:00,Kothrud
C046,2025-09-12,9:00-18:00,Powai
C048,2025-09-12,13:00-22:00,HSR
C049,2025-09-12,9:00-18:00,Kothrud
C050,2025-09-12,13:00-22:00,T Nagar
C051,2025-09-12,9:00-18:00,Saket
C052,2025-09-12,13:00-22:00,Maninagar
C053,2025-09-12,13:00-22:00,MI Road
C054,2025-09-12,13:00-22:00,Park Street
C055,2025-09-12,13:00-22:00,Salt Lake
C057,2025-09-12,9:00-18:00,Adyar
C058,2025-09-12,13:00-22:00,Malviya Nagar
C059,2025-09-12,13:00-22:00,Gachibowli
C060,2025-09-12,13:00-22:00,CP
C061,2025-09-12,13:00-22:00,Baner
C062,2025-09-12,9:00-18:00,Koramangala
C063,2025-09-12,13:00-22:00,Saket
C064,2025-09-12,13:00-22:00,Dwarka
C065,2025-09-12,9:00-18:00,Gachibowli
C066,2025-09-12,9:00-18:00,Saket
C068,2025-09-12,9:00-18:00,Saket
C069,2025-09-12,9:00-18:00,Indiranagar
C070,2025-09-12,13:00-22:00,SG Highway
C072,2025-09-12,13:00-22:00,Howrah
C073,2025-09-12,9:00-18:00,CP
C074,2025-09-12,13:00-22:00,T Nagar
C076,2025-09-12,13:00-22:00,SG Highway
C078,2025-09-12,13:00-22:00,Salt Lake
C079,2025-09-12,9:00-18:00,Malviya Nagar
C080,2025-09-12,13:00-22:00,Dwarka
C081,2025-09-12,13:00-22:00,Saket
C082,2025-09-12,9:00-18:00,Vashi
C083,2025-09-12,13:00-22:00,Bandra
C084,2025-09-12,9:00-18:00,Velachery
C085,2025-09-12,13:00-22:00,Maninagar
C086,2025-09-12,9:00-18:00,Rohini
C087,2025-09-12,13:00-22:00,SG Highway
C088,2025-09-12,9:00-18:00,Gachibowli
C089,2025-09-12,13:00-22:00,CP
C090,2025-09-12,9:00-18:00,Maninagar
C091,2025-09-12,9:00-18:00,Vashi
C092,2025-09-12,13:00-22:00,Salt Lake
C093,2025-09-12,9:00-18:00,SG Highway
C094,2025-09-12,13:00-22:00,Andheri
C095,2025-09-12,13:00-22:00,Malviya Nagar
C096,2025-09-12,9:00-18:00,SG Highway
C097,2025-09-12,9:00-18:00,Adyar
C098,2025-09-12,9:00-18:00,Kothrud
C099,2025-09-12,9:00-18:00,Koregaon Park
C100,2025-09-12,13:00-22:00,SG Highway
C102,2025-09-12,9:00-18:00,Baner
C103,2025-09-12,9:00-18:00,Powai
C104,2025-09-12,9:00-18:00,Indiranagar
C105,2025-09-12,9:00-18:00,Koregaon Park
C106,2025-09-12,9:00-18:00,Park Street
C108,2025-09-12,9:00-18:00,Koramangala
C109,2025-09-12,9:00-18:00,Koramangala
C110,2025-09-12,9:00-18:00,HSR
C111,2025-09-12,13:00-22:00,MI Road
C112,2025-09-12,9:00-18:00,Andheri
C113,2025-09-12,9:00-18:00,Salt Lake
C115,2025-09-12,9:00-18:00,Andheri
C116,2025-09-12,13:00-22:00,Gachibowli
C117,2025-09-12,13:00-22:00,Baner
C118,2025-09-12,9:00-18:00,Salt Lake
C119,2025-09-12,13:00-22:00,Andheri
C120,2025-09-12,13:00-22:00,CP
C121,2025-09-12,9:00-18:00,MI Road
C122,2025-09-12,13:00-22:00,MI Road
C125,2025-09-12,13:00-22:00,SG Highway
C126,2025-09-12,13:00-22:00,Rohini
C127,2025-09-12,9:00-18:00,Indiranagar
C128,2025-09-12,13:00-22:00,Banjara Hills
C129,2025-09-12,9:00-18:00,SG Highway
C130,2025-09-12,9:00-18:00,MI Road
C131,2025-09-12,9:00-18:00,SG Highway
C133,2025-09-12,9:00-18:00,Velachery
C134,2025-09-12,9:00-18:00,T Nagar
C135,2025-09-12,13:00-22:00,Rohini
C137,2025-09-12,13:00-22:00,Koregaon Park
C138,2025-09-12,9:00-18:00,Vashi
C139,2025-09-12,13:00-22:00,SG Highway
C140,2025-09-12,13:00-22:00,SG Highway
C142,2025-09-12,9:00-18:00,Indiranagar
C143,2025-09-12,13:00-22:00,Dwarka
C144,2025-09-12,13:00-22:00,T Nagar
C145,2025-09-12,9:00-18:00,Whitefield
C146,2025-09-12,9:00-18:00,Malviya Nagar
C147,2025-09-12,9:00-18:00,Maninagar
C148,2025-09-12,13:00-22:00,Baner
C149,2025-09-12,9:00-18:00,Baner
C150,2025-09-12,13:00-22:00,Bandra
